<?xml version="1.0" encoding="utf-8" standalone="yes"?>
<channel>
	<id>buscadorall</id>
	<name>Buscadorall</name>

	<active>false</active>
	<adult>false</adult>
	<language>it</language>

	<fanart></fanart>
	<thumbnail></thumbnail>
	<bannermenu></bannermenu>

	<update_url>https://raw.githubusercontent.com/streamondemand/plugin.video.streamondemand/master/channels/</update_url>
	<version>6</version>
	<date>10/07/2016</date>
	<changes>update</changes>

	<categories>
		<category></category>
	</categories>

	<include_in_global_search>disabled</include_in_global_search>
</channel>
