<?xml version="1.0" encoding="utf-8" standalone="yes"?>
<channel>
	<id>ilgeniodellostreaming</id>
	<name>IlGenioDelloStreaming</name>

	<active>true</active>
	<adult>false</adult>
	<language>it</language>

	<fanart></fanart>
	<thumbnail>http://ilgeniodellostreaming.cc/wp-content/uploads/2016/11/logo.png</thumbnail>
	<bannermenu>http://ilgeniodellostreaming.cc/wp-content/uploads/2016/11/logo.png</bannermenu>

	<update_url>https://raw.githubusercontent.com/streamondemand/plugin.video.streamondemand/master/channels/</update_url>
	<version>8</version>
	<date>08/02/2017</date>
	<changes>fiv series</changes>

	<categories>
    <category>movie</category>
    <category>serie</category>
    <category>anime</category>
	</categories>

	<settings>
		<id>include_in_global_search</id>
		<type>bool</type>
		<label>Includi ricerca globale</label>
		<default>true</default>
		<enabled>true</enabled>
		<visible>true</visible>
	</settings>
</channel>
