<?xml version="1.0" encoding="utf-8" standalone="yes"?>
<channel>
    <id>streamingitaliano</id>
    <name>StreamingItaliano</name>

    <active>false</active>
    <adult>false</adult>
    <language>it</language>

    <thumbnail>https://streaming-italiano.net/logo.png</thumbnail>
    <bannermenu>https://streaming-italiano.net/logo.png</bannermenu>

    <update_url>https://raw.githubusercontent.com/streamondemand/plugin.video.streamondemand/master/channels/</update_url>
    <version>2</version>
    <date>18/05/2017</date>
    <changes>Disabled Channel</changes>

    <categories>
        <category>movie</category>
    </categories>

 	<settings>
		<id>include_in_global_search</id>
		<type>bool</type>
		<label>Includi ricerca globale</label>
		<default>false</default>
		<enabled>false</enabled>
		<visible>false</visible>
	</settings>
</channel>
