<?xml version="1.0" encoding="utf-8" standalone="yes"?>
<channel>
    <id>videotecadiclasse</id>
    <name>Videotecadiclasse</name>

    <active>true</active>
    <adult>false</adult>
    <language>it</language>

    <fanart></fanart>
    <thumbnail>http://png.clipart.me/istock/previews/9288/92881779-megaphone-loudspeaker-bullhorn-announcement-alert.jpg</thumbnail>
    <bannermenu>http://png.clipart.me/istock/previews/9288/92881779-megaphone-loudspeaker-bullhorn-announcement-alert.jpg</bannermenu>

    <update_url>https://raw.githubusercontent.com/streamondemand/plugin.video.streamondemand/master/channels/</update_url>
    <version>4</version>
    <date>22/10/2016</date>
    <changes>update</changes>

    <categories>
        <category>movie</category>
        <category>cult</category>
    </categories>

    <settings>
        <id>include_in_global_search</id>
        <type>bool</type>
        <label>Includi ricerca globale</label>
        <default>false</default>
        <enabled>false</enabled>
        <visible>false</visible>
    </settings>
</channel>
