<?xml version="1.0" encoding="utf-8" standalone="yes"?>
    <channel>
       <id>filmhdstreaming</id>
       <name>Filmhdstreaming</name>

       <active>true</active>
       <adult>false</adult>
       <language>it</language>

       <fanart></fanart>
       <thumbnail>http://hdcineblog01.com/css/images/logo3.png</thumbnail>
       <bannermenu>http://hdcineblog01.com/css/images/logo3.png</bannermenu>

       <update_url>https://raw.githubusercontent.com/streamondemand/plugin.video.streamondemand/master/channels/</update_url>
       <version>7</version>
       <date>20/06/2017</date>
       <changes>Small Fix</changes>

       <categories>
          <category>movie</category>
       </categories>

       <settings>
          <id>include_in_global_search</id>
          <type>bool</type>
          <label>Includi ricerca globale</label>
          <default>false</default>
          <enabled>false</enabled>
          <visible>false</visible>
       </settings>

	<settings>
		<id>include_in_newest_peliculas</id>
		<type>bool</type>
		<label>Includi in novità - film</label>
		<default>true</default>
		<enabled>true</enabled>
		<visible>true</visible>
	</settings>
</channel>

