<?xml version="1.0" encoding="utf-8" standalone="yes"?>
<channel>
	<id>filmstream</id>
	<name>Filmstream</name>

	<active>true</active>
	<adult>false</adult>
	<language>it</language>

	<fanart></fanart>
	<thumbnail>http://cdn2.film-stream.biz/wp-content/uploads/2011/10/film.jpg</thumbnail>
	<bannermenu>http://cdn2.film-stream.biz/wp-content/uploads/2011/10/film.jpg</bannermenu>

	<update_url>https://raw.githubusercontent.com/streamondemand/plugin.video.streamondemand/master/channels/</update_url>
	<version>3</version>
	<date>26/05/2017</date>
	<changes>Added newest for movies</changes>

	<categories>
		<category>movie</category>
        <category>serie</category>
	</categories>

	<settings>
		<id>include_in_global_search</id>
		<type>bool</type>
		<label>Includi ricerca globale</label>
		<default>true</default>
		<enabled>true</enabled>
		<visible>true</visible>
	</settings>

	<settings>
		<id>include_in_newest_peliculas</id>
		<type>bool</type>
		<label>Includi in novità - film</label>
		<default>true</default>
		<enabled>true</enabled>
		<visible>true</visible>
	</settings>
</channel>
