<?xml version="1.0" encoding="utf-8" standalone="yes"?>
<channel>
    <id>altastreaming</id>
    <name>Altastreaming</name>

    <active>true</active>
    <adult>false</adult>
    <language>it</language>

    <fanart></fanart>
    <thumbnail>http://www.altastreaming.com/templates/AltaStreaming/images/logo_1.png</thumbnail>
    <bannermenu>http://www.altastreaming.com/templates/AltaStreaming/images/logo_1.png</bannermenu>

    <update_url>https://raw.githubusercontent.com/streamondemand/plugin.video.streamondemand/master/channels/</update_url>
    <version>7</version>
    <date>10/05/2017</date>
    <changes>Fix Domain</changes>

    <categories>
        <category>movie</category>
        <category>serie</category>
    </categories>

    <settings>
        <id>include_in_global_search</id>
        <type>bool</type>
        <label>Includi ricerca globale</label>
        <default>true</default>
        <enabled>true</enabled>
        <visible>true</visible>
    </settings>
</channel>
