<?xml version="1.0" encoding="utf-8" standalone="yes"?>
<channel>
    <id>cineblog01blog</id>
    <name>Cineblog01Blog</name>

    <active>true</active>
    <adult>false</adult>
    <language>it</language>

    <thumbnail>https://www.cineblog01.blog/templates/cineblog01/images/logo.png</thumbnail>
    <bannermenu>https://www.cineblog01.blog/templates/cineblog01/images/logo.png</bannermenu>

    <update_url>https://raw.githubusercontent.com/streamondemand/plugin.video.streamondemand/master/channels/</update_url>
    <version>1</version>
    <date>07/05/2017</date>
    <changes>Versione iniziale</changes>

    <categories>
        <category>movie</category>
    </categories>

 	<settings>
		<id>include_in_global_search</id>
		<type>bool</type>
		<label>Includi ricerca globale</label>
		<default>false</default>
		<enabled>false</enabled>
		<visible>false</visible>
	</settings>
</channel>
