<?xml version="1.0" encoding="utf-8" standalone="yes"?>
    <channel>
       <id>filmhdstreaming</id>
       <name>Filmhdstreaming</name>

       <active>true</active>
       <adult>false</adult>
       <language>it</language>

       <fanart></fanart>
       <thumbnail>http://filmhdstreaming.org/css/images/logo3.png</thumbnail>
       <bannermenu>http://filmhdstreaming.org/css/images/logo3.png</bannermenu>

       <update_url>https://raw.githubusercontent.com/streamondemand/plugin.video.streamondemand/master/channels/</update_url>
       <version>5</version>
       <date>05/02/2017</date>
       <changes>Content not working!</changes>

       <categories>
          <category>movie</category>

       </categories>

       <settings>
          <id>include_in_global_search</id>
          <type>bool</type>
          <label>Includi ricerca globale</label>
          <default>false</default>
          <enabled>false</enabled>
          <visible>false</visible>
       </settings>
    </channel>

