<?xml version="1.0" encoding="utf-8" standalone="yes"?>
<channel>
	<id>filmperevolvere</id>
	<name>FilmPerEvolvere</name>

	<active>true</active>
	<adult>false</adult>
	<language>it</language>

	<fanart></fanart>
	<thumbnail>http://filmperevolvere.pcriot.com/wp-content/uploads/2017/03/cropped-cropped-ezgif-1-49f9d458f7-1.jpg</thumbnail>
	<bannermenu>http://filmperevolvere.pcriot.com/wp-content/uploads/2017/03/cropped-cropped-ezgif-1-49f9d458f7-1.jpg</bannermenu>

	<update_url>https://raw.githubusercontent.com/streamondemand/plugin.video.streamondemand/master/channels/</update_url>
	<version>9</version>
	<date>19/03/2017</date>
	<changes>fix channel</changes>

	<categories>
		<category>movie</category>
		<category>cult</category>
	</categories>

	<settings>
		<id>include_in_global_search</id>
		<type>bool</type>
		<label>Incluir en busqueda global</label>
		<default>true</default>
		<enabled>true</enabled>
		<visible>true</visible>
	</settings>
</channel>
