<?xml version="1.0" encoding="utf-8" standalone="yes"?>
<channel>
    <id>streaminglove</id>
    <name>StreamingLove</name>

    <active>true</active>
    <adult>false</adult>
    <language>it</language>

    <fanart></fanart>
    <thumbnail>http://www.streaminglove.tv/wp-content/uploads/2016/10/StreamingLoveLogo-3.png</thumbnail>
    <bannermenu>http://www.streaminglove.tv/wp-content/uploads/2016/10/StreamingLoveLogo-3.png</bannermenu>

    <update_url>https://raw.githubusercontent.com/streamondemand/plugin.video.streamondemand/master/channels/</update_url>
    <version>4</version>
    <date>22/06/2016</date>
    <changes>update</changes>

    <categories>
        <category>movie</category>
	<category>top channels</category>
    </categories>

    <settings>
        <id>include_in_global_search</id>
        <type>bool</type>
        <label>Includi ricerca globale</label>
        <default>true</default>
        <enabled>true</enabled>
        <visible>true</visible>
    </settings>
</channel>
