<?xml version="1.0" encoding="utf-8" standalone="yes"?>
<channel>
	<id>netflixsrc</id>
	<name>Netflixsrc</name>

	<active>false</active>
	<adult>false</adult>
	<language>it</language>

	<fanart></fanart>
	<thumbnail></thumbnail>
	<bannermenu></bannermenu>

	<update_url>http://www.netflixlovers.it/img/logo-dark.png?v=2</update_url>
	<version>3</version>
	<date>05/05/2017</date>
	<changes>1st</changes>

	<categories>
		<category></category>
	</categories>

	<settings>
		<id>include_in_global_search</id>
		<type>bool</type>
		<label>Includi ricerca globale</label>
		<default>false</default>
		<enabled>false</enabled>
		<visible>false</visible>
	</settings>
</channel>
