<?xml version="1.0" encoding="utf-8" standalone="yes"?>
<channel>
    <id>scambioetico</id>
    <name>Scambio Etico - TNT Village</name>

    <active>false</active>
    <adult>false</adult>
    <language>it</language>

    <fanart></fanart>
    <thumbnail>http://forum.tntvillage.scambioetico.org/style_images/mkportal-636/tntlogo2012.png</thumbnail>
    <bannermenu>http://forum.tntvillage.scambioetico.org/style_images/mkportal-636/tntlogo2012.png</bannermenu>

    <update_url>https://raw.githubusercontent.com/streamondemand/plugin.video.streamondemand/master/channels/</update_url>
    <version>2</version>
    <date>18/06/2017</date>
    <changes>Disabled Channel</changes>

    <categories>
        <category>torrent</category>
    </categories>

    <settings>
        <id>include_in_global_search</id>
        <type>bool</type>
        <label>Includi ricerca globale</label>
		<default>false</default>
		<enabled>false</enabled>
		<visible>false</visible>
    </settings>
</channel>
