<?xml version="1.0" encoding="utf-8" standalone="yes"?>
<channel>
    <id>subzero</id>
    <name>SubZero</name>

    <active>false</active>
    <adult>false</adult>
    <language>it</language>

    <fanart></fanart>
    <thumbnail>https://raw.githubusercontent.com/MrTruth0/imgs/master/SOD/Channels/SubZero.png</thumbnail>
    <bannermenu>https://raw.githubusercontent.com/MrTruth0/imgs/master/SOD/Channels/SubZero.png</bannermenu>

    <update_url>https://raw.githubusercontent.com/streamondemand/plugin.video.streamondemand/master/channels/</update_url>
    <version>4</version>
    <date>18/06/2017</date>
    <changes>Disabled Channel</changes>

    <categories>
        <category>anime</category>
        <category>torrent</category>
    </categories>

 	<settings>
		<id>include_in_global_search</id>
		<type>bool</type>
		<label>Includi ricerca globale</label>
		<default>false</default>
		<enabled>false</enabled>
		<visible>true</visible>
	</settings>
</channel>
