<?xml version="1.0" encoding="utf-8" standalone="yes"?>
<channel>
	<id>animeinstreaming</id>
	<name>AnimeInStreaming</name>

	<active>false</active>
	<adult>false</adult>
	<language>it</language>

	<fanart></fanart>
	<thumbnail>http://animeinstreaming.net/wp-content/uploads/2015/09/logo3.png</thumbnail>
	<bannermenu>http://animeinstreaming.net/wp-content/uploads/2015/09/logo3.png</bannermenu>

	<update_url>https://raw.githubusercontent.com/streamondemand/plugin.video.streamondemand/master/channels/</update_url>
	<version>3</version>
	<date>16/06/2016</date>
	<changes>update</changes>

	<categories>
		<category>anime</category>

	</categories>

	<settings>
		<id>include_in_global_search</id>
		<type>bool</type>
		<label>Includi ricerca globale</label>
		<default>false</default>
		<enabled>false</enabled>
		<visible>false</visible>
	</settings>
</channel>
