<?xml version="1.0" encoding="utf-8" standalone="yes"?>
<channel>
	<id>casacinema</id>
	<name>Casacinema</name>

	<active>true</active>
	<adult>false</adult>
	<language>it</language>

	<fanart></fanart>
	<thumbnail>https://raw.githubusercontent.com/Zanzibar82/images/master/posters/casacinema.png</thumbnail>
	<bannermenu>https://raw.githubusercontent.com/Zanzibar82/images/master/posters/casacinema.png</bannermenu>

	<update_url>https://raw.githubusercontent.com/streamondemand/plugin.video.streamondemand/master/channels/</update_url>
	<version>12</version>
	<date>25/05/2017</date>
	<changes>Added newest</changes>

	<categories>
		<category>movie</category>
                <category>serie</category>
                <category>cult</category>
		<category>top channels</category>
	</categories>

	<settings>
		<id>include_in_global_search</id>
		<type>bool</type>
		<label>Includi ricerca globale</label>
		<default>true</default>
		<enabled>true</enabled>
		<visible>true</visible>
	</settings>

	<settings>
		<id>include_in_newest_peliculas</id>
		<type>bool</type>
		<label>Includi in novità - film</label>
		<default>true</default>
		<enabled>true</enabled>
		<visible>true</visible>
	</settings>
</channel>
