<?xml version="1.0" encoding="utf-8" standalone="yes"?>
<channel>
	<id>dreamsub</id>
	<name>DreamSub</name>

	<active>true</active>
	<adult>false</adult>
	<language>it</language>

	<fanart></fanart>
	<thumbnail>http://www.dreamsub.it/res/img/logo.png</thumbnail>
	<bannermenu>http://www.dreamsub.it/res/img/logo.png</bannermenu>

	<update_url>https://raw.githubusercontent.com/streamondemand/plugin.video.streamondemand/master/channels/</update_url>
	<version>7</version>
	<date>27/05/2017</date>
	<changes>Added newest</changes>

	<categories>
        	<category>serie</category>
        	<category>anime</category>
        	<category>vos</category>
	</categories>

	<settings>
		<id>include_in_global_search</id>
		<type>bool</type>
		<label>Includi ricerca globale</label>
		<default>true</default>
		<enabled>true</enabled>
		<visible>true</visible>
	</settings>

	<settings>
		<id>include_in_newest_series</id>
		<type>bool</type>
		<label>Includi in novità - Serie TV</label>
		<default>true</default>
		<enabled>true</enabled>
		<visible>true</visible>
	</settings>

	<settings>
		<id>include_in_newest_anime</id>
		<type>bool</type>
		<label>Includi in novità - Anime</label>
		<default>true</default>
		<enabled>true</enabled>
		<visible>true</visible>
	</settings>
</channel>
