<?xml version="1.0" encoding="utf-8" standalone="yes"?>
<channel>
    <id>ffilms</id>
    <name>FFilms</name>

    <active>true</active>
    <adult>false</adult>
    <language>it</language>

    <thumbnail>http://ffilms.org/wp-content/uploads/2017/01/logo.png</thumbnail>
    <bannermenu>http://ffilms.org/wp-content/uploads/2017/01/logo.png</bannermenu>

    <update_url>https://raw.githubusercontent.com/streamondemand/plugin.video.streamondemand/master/channels/</update_url>
    <version>2</version>
    <date>26/05/2017</date>
    <changes>Added newest</changes>

    <categories>
        <category>movie</category>
    </categories>

 	<settings>
		<id>include_in_global_search</id>
		<type>bool</type>
		<label>Includi ricerca globale</label>
		<default>true</default>
		<enabled>true</enabled>
		<visible>true</visible>
	</settings>

	<settings>
		<id>include_in_newest_peliculas</id>
		<type>bool</type>
		<label>Includi in novità - film</label>
		<default>true</default>
		<enabled>true</enabled>
		<visible>true</visible>
	</settings>
</channel>
