<?xml version="1.0" encoding="utf-8" standalone="yes"?>
<channel>
	<id>megafiletube</id>
	<name>Megafiletube</name>

	<active>true</active>
	<adult>false</adult>
	<language>it</language>

	<fanart></fanart>
	<thumbnail>http://megafiletube.xyz/themes/default/images/logo.png</thumbnail>
	<bannermenu>http://megafiletube.xyz/themes/default/images/logo.png</bannermenu>

	<update_url>https://raw.githubusercontent.com/streamondemand/plugin.video.streamondemand/master/channels/</update_url>
	<version>5</version>
	<date>03/10/2016</date>
	<changes>update</changes>

	<categories>
		<category>torrent</category>
	</categories>

	<settings>
		<id>include_in_global_search</id>
		<type>bool</type>
		<label>Includi ricerca globale</label>
		<default>false</default>
		<enabled>false</enabled>
		<visible>true</visible>
	</settings>
</channel>
