<?xml version="1.0" encoding="utf-8" standalone="yes"?>
<channel>
    <id>misterstreaming</id>
    <name>Misterstreaming</name>

    <active>true</active>
    <adult>false</adult>
    <language>it</language>

    <fanart></fanart>
    <thumbnail>http://misterstreaming.online/wp-content/uploads/2016/06/logo-misterstreaming.png</thumbnail>
    <bannermenu>http://misterstreaming.online/wp-content/uploads/2016/06/logo-misterstreaming.png</bannermenu>

    <update_url>https://raw.githubusercontent.com/streamondemand/plugin.video.streamondemand/master/channels/</update_url>
    <version>9</version>
    <date>27/05/2017</date>
    <changes>Added newest</changes>

    <categories>
        <category>movie</category>
        <category>serie</category>
    </categories>

    <settings>
        <id>include_in_global_search</id>
        <type>bool</type>
        <label>Includi ricerca globale</label>
        <default>true</default>
        <enabled>true</enabled>
        <visible>true</visible>
    </settings>

	<settings>
		<id>include_in_newest_peliculas</id>
		<type>bool</type>
		<label>Includi in novità - film</label>
		<default>true</default>
		<enabled>true</enabled>
		<visible>true</visible>
	</settings>
</channel>
