<?xml version="1.0" encoding="utf-8" standalone="yes"?>
<channel>
    <id>animesenzalimiti</id>
    <name>AnimeSenzaLimiti</name>

    <active>true</active>
    <adult>false</adult>
    <language>it</language>

    <thumbnail>http://www.animesenzalimiti.com/wp-content/uploads/2016/10/cropped-bg0-2.jpg</thumbnail>
    <bannermenu>http://www.animesenzalimiti.com/wp-content/uploads/2016/10/cropped-bg0-2.jpg</bannermenu>

    <update_url>https://raw.githubusercontent.com/streamondemand/plugin.video.streamondemand/master/channels/</update_url>
    <version>6</version>
    <date>26/06/2017</date>
    <changes>Small Fix and removed newest</changes>

    <categories>
        <category>anime</category>
    </categories>

 	<settings>
		<id>include_in_global_search</id>
		<type>bool</type>
		<label>Includi ricerca globale</label>
		<default>false</default>
		<enabled>false</enabled>
		<visible>true</visible>
	</settings>

	<settings>
		<id>include_in_newest_anime</id>
		<type>bool</type>
		<label>Includi in novità - Anime</label>
		<default>false</default>
		<enabled>false</enabled>
		<visible>false</visible>
	</settings>
</channel>
