<?xml version="1.0" encoding="utf-8" standalone="yes"?>
<channel>
	<id>animeforce</id>
	<name>AnimeForce</name>

	<active>true</active>
	<adult>false</adult>
	<language>it</language>

	<fanart></fanart>
	<thumbnail>http://www.animeforce.org/wp-content/uploads/2013/10/AF.png</thumbnail>
	<bannermenu>http://www.animeforce.org/wp-content/uploads/2013/10/AF.png</bannermenu>

	<update_url>https://raw.githubusercontent.com/streamondemand/plugin.video.streamondemand/master/channels/</update_url>
	<version>10</version>
	<date>26/06/2017</date>
	<changes>Small fix</changes>

	<categories>
		<category>anime</category>
	</categories>

	<settings>
		<id>include_in_global_search</id>
		<type>bool</type>
		<label>Includi ricerca globale</label>
		<default>false</default>
		<enabled>false</enabled>
		<visible>false</visible>
	</settings>

	<settings>
		<id>include_in_newest_anime</id>
		<type>bool</type>
		<label>Includi in novità - Anime</label>
		<default>true</default>
		<enabled>true</enabled>
		<visible>true</visible>
	</settings>
</channel>
