<?xml version="1.0" encoding="utf-8" standalone="yes"?>
<channel>
	<id>saghe</id>
	<name>Saghe</name>

	<active>true</active>
	<adult>false</adult>
	<language>it</language>

	<fanart></fanart>
	<thumbnail>https://ideedaleggere.files.wordpress.com/2015/11/icona2.png?w=300&amp;h=300&amp;crop=1</thumbnail>
	<bannermenu>https://ideedaleggere.files.wordpress.com/2015/11/icona2.png?w=300&amp;h=300&amp;crop=1</bannermenu>

	<update_url>https://raw.githubusercontent.com/streamondemand/plugin.video.streamondemand/master/channels/</update_url>
	<version>3</version>
	<date>22/06/2016</date>
	<changes>update</changes>

	<categories>
		<category>saghe</category>
	</categories>

	<settings>
		<id>include_in_global_search</id>
		<type>bool</type>
		<label>Includi ricerca globale</label>
		<default>false</default>
		<enabled>false</enabled>
		<visible>false</visible>
	</settings>
</channel>
