<?xml version="1.0" ?>
<server>
	<active>true</active>
	<changes>
		<change>
			<autor>Cmos</autor>
			<date>03/03/2017</date>
			<description>Corregido por cambios en el servidor y limpieza de código</description>
		</change>
		<change>
			<autor>divadres</autor>
			<date>06/08/2017</date>
			<description>Fix Host</description>
		</change>
	</changes>
	<find_videos>
		<ignore_urls>
		</ignore_urls>
		<patterns>
			<pattern>nowvideo.../(?:video/|embed.php\?.*v=)([A-z0-9]+)</pattern>
			<url>http://www.nowvideo.li/video/\1</url>
		</patterns>
	</find_videos>
	<free>true</free>
	<id>nowvideo</id>
	<name>nowvideo</name>
	<premium>
		<value>nowvideo</value>
		<value>realdebrid</value>
	</premium>
	<settings>
		<default>false</default>
		<enabled>true</enabled>
		<id>black_list</id>
		<label>Incluir en lista negra</label>
		<type>bool</type>
		<visible>true</visible>
	</settings>
	<settings>
		<default>100</default>
		<enabled>true</enabled>
		<id>favorites_servers_list</id>
		<label>Incluir en lista de favoritos</label>
		<lvalues>No</lvalues>
		<lvalues>1</lvalues>
		<lvalues>2</lvalues>
		<lvalues>3</lvalues>
		<lvalues>4</lvalues>
		<lvalues>5</lvalues>
		<type>list</type>
		<visible>false</visible>
	</settings>
	<settings>
		<default>false</default>
		<enabled>true</enabled>
		<id>premium</id>
		<label>Activar cuenta premium</label>
		<type>bool</type>
		<visible>true</visible>
	</settings>
	<settings>
		<default></default>
		<enabled>eq(-1,true)</enabled>
		<id>user</id>
		<label>@30014</label>
		<type>text</type>
		<visible>true</visible>
	</settings>
	<settings>
		<default></default>
		<enabled>eq(-2,true)+!eq(-1,'')</enabled>
		<hidden>true</hidden>
		<id>password</id>
		<label>@30015</label>
		<type>text</type>
		<visible>true</visible>
	</settings>
	<thumbnail>http://media.tvalacarta.info/servers/server_nowvideo.png</thumbnail>
	<update_url>https://raw.githubusercontent.com/streamondemand/plugin.video.streamondemand/master/servers/</update_url>
	<version>6</version>
</server>
